year_issued,month_issued,description_length,aircraft,all,also,an,analyses,analysis,and,approach,are,as,at,based,be,been,between,both,by,can,center,compared,configuration,control,current,damage,data,design,developed,development,different,during,each,element,flight,flow,for,from,future,has,have,high,in,is,it,may,measurements,method,methods,mission,model,modeling,models,more,nasa,new,not,of,on,or,over,ozone,paper,performance,performed,presented,pressure,process,research,results,sensitivity,space,study,such,surface,system,systems,technology,test,testing,than,that,the,their,these,this,three,thruster,to,two,use,used,using,was,water,we,well,were,which,while,will,with,anomaly
1.0,0.0,0.6713124274099884,0.0,0.1376855531211162,0.0584019500574752,0.0,0.0,0.0,0.3353507818283231,0.0,0.074892616098186,0.0836922652572699,0.0,0.0557185517073885,0.0,0.0648491332005627,0.0,0.0,0.0,0.0,0.0,0.0,0.0,0.0774018577771572,0.0,0.0,0.0540797175989025,0.0,0.0,0.0719184610750888,0.0,0.2065283296816742,0.1296982664011254,0.0,0.3018443593696632,0.0,0.1539158069705672,0.0438532399066957,0.0,0.0603688718739326,0.0,0.1149490834395205,0.0914336933635115,0.063444773418711,0.0,0.0,0.0,0.0,0.0661095840611249,0.0,0.0,0.0,0.0,0.0,0.0,0.0,0.0,0.3869432098019112,0.0409008851581626,0.0532995439994064,0.0,0.0,0.0,0.1296982664011254,0.1438369221501776,0.1406650598052622,0.0,0.0,0.0557185517073885,0.1416280972352308,0.0,0.0,0.0603688718739326,0.1376855531211162,0.0,0.0,0.0,0.0,0.0,0.0,0.0674381997484587,0.0391129401292018,0.3288969409965854,0.0719184610750888,0.0548854751718642,0.0386855658041638,0.0,0.0,0.2461386121127822,0.0661095840611249,0.0,0.0518097906573334,0.2219086029121132,0.2664977199970323,0.0,0.0,0.0,0.204389872777026,0.0,0.0703325299026311,0.0,0.0740934633913557,-1
